"id","task_id","employee_id"
"253","6","3"
"1","1","2"
"254","7","3"
"255","8","2"
"256","9","2"
"257","10","6"
"258","11","6"
"259","12","6"
"260","16","7"
"261","17","7"
"262","18","7"
"263","19","8"
"264","20","8"
"265","21","8"
"266","22","9"
"267","23","9"
"268","24","9"
"269","25","10"
"270","36","10"
"271","37","10"
"272","38","11"
"273","39","11"
"274","40","11"
"275","41","12"
"276","42","12"
"277","43","12"
"278","26","1"
"279","27","1"
"280","28","1"
"281","29","6"
"282","30","6"
"283","31","6"
"284","32","6"
"285","33","6"
"286","34","6"
"287","56","7"
"288","57","7"
"289","58","7"
"290","59","8"
"291","60","8"
"292","61","8"
"293","62","9"
"294","63","9"
"295","64","9"
"296","65","10"
"297","46","10"
"298","47","10"
"299","48","11"
"300","49","11"
"301","50","11"
"302","51","1"
"303","52","1"
"304","53","1"
"3","3","2"
"2","2","3"